{
    "input_folder": {
        "foreground_mean": {
            "Dice": 0.8944525162733168,
            "FN": 11691.39263803681,
            "FP": 9250.342024539877,
            "IoU": 0.8138420622218758,
            "TN": 148011174.85582823,
            "TP": 99509.58128834356,
            "n_pred": 108759.92331288343,
            "n_ref": 111200.97392638036
        },
        "mean": {
            "1": {
                "Dice": 0.8563018744198859,
                "FN": 11772.122699386504,
                "FP": 8390.766871165644,
                "IoU": 0.7541143616760176,
                "TN": 148043687.9570552,
                "TP": 67775.32515337423,
                "n_pred": 76166.09202453987,
                "n_ref": 79547.44785276074
            },
            "2": {
                "Dice": 0.9061323915242172,
                "FN": 11738.19018404908,
                "FP": 10005.723926380368,
                "IoU": 0.8320400802335236,
                "TN": 147999723.61963192,
                "TP": 110158.63803680982,
                "n_pred": 120164.36196319018,
                "n_ref": 121896.8282208589
            },
            "3": {
                "Dice": 0.904095502047605,
                "FN": 11531.815950920245,
                "FP": 7889.079754601227,
                "IoU": 0.8285089084829231,
                "TN": 148015972.196319,
                "TP": 96233.07975460123,
                "n_pred": 104122.15950920245,
                "n_ref": 107764.89570552147
            },
            "4": {
                "Dice": 0.9112802971015592,
                "FN": 11723.441717791411,
                "FP": 10715.79754601227,
                "IoU": 0.8407048984950387,
                "TN": 147985315.65030676,
                "TP": 123871.28220858896,
                "n_pred": 134587.07975460123,
                "n_ref": 135594.72392638036
            }
        }
    },
    "postprocessed": {
        "foreground_mean": {
            "Dice": 0.8949862446744431,
            "FN": 11691.432515337423,
            "FP": 9099.401840490798,
            "IoU": 0.8146063011873356,
            "TN": 148011325.79601228,
            "TP": 99509.54141104294,
            "n_pred": 108608.94325153375,
            "n_ref": 111200.97392638036
        },
        "mean": {
            "1": {
                "Dice": 0.8563430223656859,
                "FN": 11772.251533742332,
                "FP": 8378.680981595093,
                "IoU": 0.7541784434500954,
                "TN": 148043700.0429448,
                "TP": 67775.1963190184,
                "n_pred": 76153.8773006135,
                "n_ref": 79547.44785276074
            },
            "2": {
                "Dice": 0.9064735097306816,
                "FN": 11738.21472392638,
                "FP": 9998.625766871166,
                "IoU": 0.8325729397744177,
                "TN": 147999730.7177914,
                "TP": 110158.61349693252,
                "n_pred": 120157.23926380368,
                "n_ref": 121896.8282208589
            },
            "3": {
                "Dice": 0.904095502047605,
                "FN": 11531.815950920245,
                "FP": 7889.079754601227,
                "IoU": 0.8285089084829231,
                "TN": 148015972.196319,
                "TP": 96233.07975460123,
                "n_pred": 104122.15950920245,
                "n_ref": 107764.89570552147
            },
            "4": {
                "Dice": 0.9130329445537998,
                "FN": 11723.447852760737,
                "FP": 10131.220858895706,
                "IoU": 0.8431649130419063,
                "TN": 147985900.22699386,
                "TP": 123871.27607361964,
                "n_pred": 134002.49693251535,
                "n_ref": 135594.72392638036
            }
        }
    },
    "postprocessing_fns": [
        "remove_all_but_largest_component_from_segmentation",
        "remove_all_but_largest_component_from_segmentation",
        "remove_all_but_largest_component_from_segmentation",
        "remove_all_but_largest_component_from_segmentation"
    ],
    "postprocessing_kwargs": [
        {
            "labels_or_regions": [
                1,
                2,
                3,
                4
            ]
        },
        {
            "labels_or_regions": 1
        },
        {
            "labels_or_regions": 2
        },
        {
            "labels_or_regions": 4
        }
    ]
}