name,x,y,z
Commissure LCC-RCC,39.600276947021484,-166.80056762695312,713.6146240234375
Commissure NCC-RCC,25.217187881469727,-166.88739013671875,698.9628295898438
Commissure LCC-NCC,22.497459411621094,-152.25277709960938,709.99267578125
Nadir LCS,49.1424560546875,-144.7893829345703,706.121337890625
Nadir RCS,51.0768928527832,-160.24839782714844,696.193359375
Nadir NCS,33.08134078979492,-144.18992614746094,689.2058715820312
Basis of IVT LCC-RCC,53.5877799987793,-153.697021484375,705.9094848632812
Basis of IVT NCC-RCC,40.73822784423828,-154.5696258544922,689.5039672851562
Basis of IVT LCC-NCC,38.71925354003906,-141.0194549560547,697.2963256835938
